Date,GOOG,MSFT,AAPL
2022-01-03,144.21725463867188,325.03802490234375,178.64564514160156
2022-01-04,143.56314086914062,319.4645690917969,176.3783416748047
2022-01-05,136.840087890625,307.2010803222656,171.68667602539062
2022-01-06,136.73822021484375,304.7735900878906,168.82069396972656
2022-01-07,136.1949462890625,304.9289245605469,168.987548828125
2022-01-10,137.7551727294922,305.1522521972656,169.00717163085938
2022-01-11,139.19012451171875,305.84161376953125,171.84371948242188
2022-01-12,140.81100463867188,309.03619384765625,172.28541564941406
2022-01-13,138.30886840820312,295.9569396972656,169.00717163085938
2022-01-14,138.96051025390625,301.2003479003906,169.8709259033203
2022-01-18,135.4851531982422,293.8692932128906,166.661376953125
2022-01-19,134.8504180908203,294.5296325683594,163.15733337402344
2022-01-20,132.71759033203125,292.8497619628906,161.4691162109375
2022-01-21,129.3232879638672,287.44146728515625,159.4079132080078
2022-01-24,129.60162353515625,287.7716064453125,158.63253784179688
2022-01-25,125.98661041259766,280.12017822265625,156.8265838623047
2022-01-26,128.476318359375,288.1016845703125,156.7382354736328
2022-01-27,128.3580322265625,291.140869140625,156.2769317626953
2022-01-28,132.50189208984375,299.3166198730469,167.18154907226562
2022-01-31,134.89663696289062,301.9577331542969,171.54928588867188
2022-02-01,137.06378173828125,299.8020935058594,171.38243103027344
2022-02-02,147.16177368164062,304.3657531738281,172.58970642089844
2022-02-03,141.80755615234375,292.50994873046875,169.7040252685547
2022-02-04,142.17092895507812,297.06390380859375,169.41903686523438
2022-02-07,138.1170196533203,292.21868896484375,168.70159912109375
2022-02-08,138.39039611816406,295.7239074707031,171.8169708251953
2022-02-09,140.6171417236328,302.18096923828125,173.2419891357422
2022-02-10,137.7834930419922,293.607177734375,169.15367126464844
2022-02-11,133.33743286132812,286.4801940917969,165.73367309570312
2022-02-14,134.50051879882812,286.44134521484375,165.9695587158203
2022-02-15,135.61936950683594,291.7525939941406,169.81214904785156
2022-02-16,136.6750946044922,291.412109375,169.57627868652344
2022-02-17,131.5266876220703,282.87890625,165.9695587158203
2022-02-18,129.6965789794922,280.154541015625,164.416748046875
2022-02-22,128.6378631591797,279.9501647949219,161.48814392089844
2022-02-23,126.83109283447266,272.70135498046875,157.3114013671875
2022-02-24,131.88951110839844,286.63470458984375,159.9353485107422
2022-02-25,133.72462463378906,289.2812194824219,162.0089569091797
2022-02-28,134.0939178466797,290.7212219238281,162.27435302734375
2022-03-01,133.37521362304688,286.9849548339844,160.38742065429688
2022-03-02,133.9552459716797,292.0834045410156,163.68951416015625
2022-03-03,133.51438903808594,287.9288024902344,163.36520385742188
2022-03-04,131.34127807617188,282.0323791503906,160.3579559326172
2022-03-07,125.71723175048828,271.3780822753906,156.55467224121094
2022-03-08,126.52642059326172,268.4007263183594,154.72669982910156
2022-03-09,133.07498168945312,280.7090759277344,160.1417236328125
2022-03-10,131.89797973632812,277.8776550292969,155.78807067871094
2022-03-11,129.70449829101562,272.50677490234375,152.06341552734375
2022-03-14,125.99207305908203,268.9747619628906,148.02423095703125
2022-03-15,128.89434814453125,279.39556884765625,152.4171600341797
2022-03-16,132.90052795410156,286.4400939941406,156.83966064453125
2022-03-17,133.80514526367188,287.2476501464844,157.85186767578125
2022-03-18,135.99314880371094,292.31689453125,161.15399169921875
2022-03-21,135.67205810546875,291.0812072753906,162.5298309326172
2022-03-22,139.44859313964844,295.8489074707031,165.91058349609375
2022-03-23,137.68507385253906,291.40234375,167.276611328125
2022-03-24,140.4770050048828,295.88787841796875,171.0701446533203
2022-03-25,140.68524169921875,295.479248046875,171.70887756347656
2022-03-28,141.11119079589844,302.3096008300781,172.57373046875
2022-03-29,142.40353393554688,306.8923645019531,175.87582397460938
2022-03-30,141.80162048339844,305.38427734375,174.70631408691406
2022-03-31,138.8242950439453,299.984130859375,171.6007843017578
2022-04-01,139.86859130859375,301.0641784667969,171.3059539794922
2022-04-04,142.793701171875,306.46429443359375,175.36480712890625
2022-04-05,140.2294464111328,302.4847412109375,172.0430450439453
2022-04-06,136.36541748046875,291.412109375,168.8686981201172
2022-04-07,135.65863037109375,293.2315673828125,169.17333984375
2022-04-08,133.2186279296875,288.95037841796875,167.15869140625
2022-04-11,129.02952575683594,277.556640625,162.8934783935547
2022-04-12,127.6159439086914,274.4429931640625,164.7705535888672
2022-04-13,129.51611328125,279.8528747558594,167.4633331298828
2022-04-14,126.50105285644531,272.2732238769531,162.44140625
2022-04-18,127.20487213134766,272.9446105957031,162.22520446777344
2022-04-19,129.7596893310547,277.5954895019531,164.51502990722656
2022-04-20,127.4876937866211,278.6268615722656,164.34796142578125
2022-04-21,124.1992416381836,273.2268371582031,163.5519256591797
2022-04-22,118.90719604492188,266.6298828125,159.00172424316406
2022-04-25,122.52171325683594,273.13922119140625,160.07293701171875
2022-04-26,118.7998275756836,262.9227600097656,154.09771728515625
2022-04-27,114.3408432006836,275.57171630859375,153.87167358398438
2022-04-28,118.70587921142578,281.8086242675781,160.81985473632812
2022-04-29,114.28716278076172,270.02557373046875,154.93307495117188
2022-05-02,116.46471405029297,276.7879333496094,155.2377166748047
2022-05-03,117.43146514892578,274.170654296875,156.73155212402344
2022-05-04,121.85070037841797,282.1491394042969,163.15884399414062
2022-05-05,116.05663299560547,269.8602294921875,154.06822204589844
2022-05-06,114.9765625,267.31097412109375,154.7965545654297
2022-05-09,112.41578674316406,257.4350891113281,149.6589813232422
2022-05-10,113.90742492675781,262.2221374511719,152.0702667236328
2022-05-11,113.28759765625,253.5138702392578,144.186767578125
2022-05-12,112.4923324584961,248.45433044433594,140.30897521972656
2022-05-13,115.82701110839844,254.0685577392578,144.78713989257812
2022-05-16,114.11418914794922,254.4383087158203,143.241943359375
2022-05-17,116.01190948486328,259.6145935058594,146.88352966308594
2022-05-18,111.73682403564453,247.79441833496094,138.59645080566406
2022-05-19,110.09109497070312,246.87767028808594,135.18124389648438
2022-05-20,108.66706848144531,246.31202697753906,135.41746520996094
2022-05-23,111.00664520263672,254.201904296875,140.8502960205078
2022-05-24,105.30007934570312,253.1973419189453,138.14373779296875
2022-05-25,105.2140884399414,256.0256042480469,138.3011932373047
2022-05-26,107.65607452392578,259.3219909667969,141.50973510742188
2022-05-27,112.13247680664062,266.4804382324219,147.27719116210938
2022-05-31,113.36515045166016,265.1443176269531,146.4898223876953
2022-06-01,113.46255493164062,265.6806945800781,146.3618927001953
2022-06-02,117.05024719238281,267.78729248046875,148.8223876953125
2022-06-03,113.88703918457031,263.340087890625,143.0844268798828
2022-06-06,116.31907653808594,262.1014404296875,143.8324432373047
2022-06-07,116.53678131103516,265.7586975097656,146.3618927001953
2022-06-08,116.54524230957031,263.7204284667969,145.62371826171875
2022-06-09,114.23894500732422,258.23944091796875,140.38771057128906
2022-06-10,110.76908111572266,246.7313995361328,134.96473693847656
2022-06-13,106.24496459960938,236.266845703125,129.79763793945312
2022-06-14,106.56058502197266,238.441650390625,130.66371154785156
2022-06-15,109.73820495605469,245.53179931640625,133.29156494140625
2022-06-16,106.00588989257812,238.90980529785156,128.00637817382812
2022-06-17,107.22811889648438,241.5235137939453,129.48268127441406
2022-06-21,111.35309600830078,247.4628448486328,133.72462463378906
2022-06-22,111.37197875976562,246.86793518066406,133.2128448486328
2022-06-23,112.01864624023438,252.4561309814453,136.0867462158203
2022-06-24,117.83756256103516,261.07745361328125,139.4231719970703
2022-06-27,115.93336486816406,258.33697509765625,139.4231719970703
2022-06-28,111.90631866455078,250.1350555419922,135.26980590820312
2022-06-29,111.59317016601562,253.821533203125,137.03155517578125
2022-06-30,108.72621154785156,250.47637939453125,134.56121826171875
2022-07-01,108.43643951416016,253.15834045410156,136.736328125
2022-07-05,113.21404266357422,256.34747314453125,139.32476806640625
2022-07-06,114.53270721435547,259.62432861328125,140.66329956054688
2022-07-07,118.60101318359375,261.7601013183594,144.0391387939453
2022-07-08,119.45842742919922,261.0384826660156,144.71823120117188
2022-07-11,115.83396911621094,257.96636962890625,142.58251953125
2022-07-12,114.17085266113281,247.39459228515625,143.55685424804688
2022-07-13,111.52407836914062,246.46807861328125,143.1927032470703
2022-07-14,110.78150177001953,247.79441833496094,146.12564086914062
2022-07-15,112.10065460205078,250.36912536621094,147.79884338378906
2022-07-18,109.26054382324219,247.96018981933594,144.7477569580078
2022-07-19,113.94271087646484,253.1095733642578,148.61570739746094
2022-07-20,114.02223205566406,255.7818145751953,150.62347412109375
2022-07-21,114.36022186279297,258.2882385253906,152.8970489501953
2022-07-22,107.7197036743164,253.9190216064453,151.65692138671875
2022-07-25,107.5705795288086,252.42689514160156,150.534912109375
2022-07-26,104.81695556640625,245.6683349609375,149.2062530517578
2022-07-27,112.9287338256836,262.0917663574219,154.31427001953125
2022-07-28,113.91287994384766,269.5719909667969,154.86546325683594
2022-07-29,115.95076751708984,273.79486083984375,159.9439697265625
2022-08-01,114.7976303100586,271.1324462890625,158.959716796875
2022-08-02,115.21515655517578,268.0213623046875,157.48345947265625
2022-08-03,118.078125,275.48211669921875,163.50680541992188
2022-08-04,118.1676025390625,276.6329345703125,163.19186401367188
2022-08-05,117.52143859863281,275.9112548828125,162.9652099609375
2022-08-08,117.44190979003906,273.3853454589844,162.49212646484375
2022-08-09,116.8056869506836,275.3162841796875,162.54136657714844
2022-08-10,119.93708038330078,282.0066223144531,166.79908752441406
2022-08-11,119.11198425292969,279.9195251464844,166.0598907470703
2022-08-12,121.92526245117188,284.6885681152344,169.61782836914062
2022-08-15,122.1539077758789,286.2099914550781,170.6920928955078
2022-08-16,121.78608703613281,285.46875,170.534423828125
2022-08-17,119.6090316772461,284.71624755859375,172.03250122070312
2022-08-18,120.14583587646484,283.5922546386719,171.6382598876953
2022-08-19,117.42202758789062,279.6634216308594,169.04620361328125
2022-08-22,114.39004516601562,271.45379638671875,165.15313720703125
2022-08-23,114.0918197631836,270.1734924316406,164.8180389404297
2022-08-24,114.02223205566406,269.53826904296875,165.11375427246094
2022-08-25,117.00450134277344,272.52886962890625,167.57769775390625
2022-08-26,110.642333984375,262.0127868652344,161.2601318359375
2022-08-29,109.68798828125,259.2176513671875,159.05242919921875
2022-08-30,109.26054382324219,257.00885009765625,156.6180877685547
2022-08-31,108.5050277709961,255.5429229736328,154.95245361328125
2022-09-01,109.89675903320312,254.49713134765625,155.6817626953125
2022-09-02,108.03780364990234,250.2554931640625,153.56277465820312
2022-09-06,106.84490203857422,247.5092010498047,152.30125427246094
2022-09-07,109.8271713256836,252.239501953125,153.7106170654297
2022-09-08,108.7734375,252.65972900390625,152.23228454589844
2022-09-09,111.1194839477539,258.465087890625,155.1002655029297
2022-09-12,111.20895385742188,260.6054382324219,161.0728759765625
2022-09-13,104.68771362304688,246.27777099609375,151.62120056152344
2022-09-14,105.24441528320312,246.50254821777344,153.0699920654297
2022-09-15,103.28604888916016,239.81761169433594,150.17237854003906
2022-09-16,103.01763916015625,239.19210815429688,148.5264892578125
2022-09-19,103.23634338378906,238.9770965576172,152.25193786621094
2022-09-20,101.22827911376953,236.95399475097656,154.6370391845703
2022-09-21,99.41902923583984,233.53335571289062,151.50291442871094
2022-09-22,99.97572326660156,235.51736450195312,150.5370635986328
2022-09-23,98.5840072631836,232.52670288085938,148.26036071777344
2022-09-26,98.22613525390625,232.0673828125,148.59547424316406
2022-09-27,97.5103759765625,231.05096435546875,149.5711669921875
2022-09-28,100.14472961425781,235.6053009033203,147.6789093017578
2022-09-29,97.5103759765625,232.11622619628906,140.4250030517578
2022-09-30,95.58184814453125,227.62051391601562,136.20677185058594
2022-10-03,98.7132339477539,235.28280639648438,140.39547729492188
2022-10-04,101.80486297607422,243.23828125,143.9928436279297
2022-10-05,101.61598205566406,243.55101013183594,144.2884979248047
2022-10-06,101.6358642578125,241.19566345214844,143.3324737548828
2022-10-07,98.98163604736328,228.93014526367188,138.06948852539062
2022-10-10,98.12671661376953,224.05323791503906,138.3947296142578
2022-10-11,97.47061920166016,220.30029296875,136.9755096435547
2022-10-12,97.71914672851562,220.63255310058594,136.34474182128906
2022-10-13,99.12081146240234,228.93014526367188,140.92767333984375
2022-10-14,96.60576629638672,223.37890625,136.3841552734375
2022-10-17,100.18448638916016,232.1455535888672,140.3560333251953
2022-10-18,100.79087829589844,233.0935821533203,141.6767120361328
2022-10-19,99.69738006591797,231.11936950683594,141.78514099121094
2022-10-20,99.93596649169922,230.79681396484375,141.3218994140625
2022-10-21,100.88035583496094,236.63150024414062,145.14593505859375
2022-10-24,102.3615493774414,241.6452178955078,147.29449462890625
2022-10-25,104.30996704101562,244.9779052734375,150.142822265625
2022-10-26,94.25971221923828,226.07630920410156,147.19595336914062
2022-10-27,92.05282592773438,221.6099090576172,142.71156311035156
2022-10-28,96.00930786132812,230.52316284179688,153.49378967285156
2022-10-31,94.10065460205078,226.86798095703125,151.12841796875
2022-11-01,89.9652328491211,222.9977264404297,148.47718811035156
2022-11-02,86.55550384521484,215.1106719970703,142.938232421875
2022-11-03,82.99665069580078,209.39328002929688,136.87696838378906
2022-11-04,86.18768310546875,216.3714141845703,136.61041259765625
2022-11-07,88.12616729736328,222.7045440673828,137.1435089111328
2022-11-08,88.38462829589844,223.68186950683594,137.716064453125
2022-11-09,86.883544921875,219.42068481445312,133.1453094482422
2022-11-10,93.61354064941406,237.47201538085938,144.99183654785156
2022-11-11,96.15841674804688,241.5084228515625,147.78565979003906
2022-11-14,95.46256256103516,236.07440185546875,146.38380432128906
2022-11-15,98.13665771484375,236.4849090576172,148.12132263183594
2022-11-16,98.40506744384766,236.9161376953125,146.88729858398438
2022-11-17,97.91796875,236.8671417236328,148.79261779785156
2022-11-18,97.22209167480469,236.41629028320312,149.3553009033203
2022-11-21,95.26374053955078,237.229736328125,146.11724853515625
2022-11-22,96.75487518310547,240.15042114257812,148.25950622558594
2022-11-23,98.23606872558594,242.64964294433594,149.13815307617188
2022-11-25,97.02328491210938,242.56143188476562,146.21597290039062
2022-11-28,95.68125915527344,236.9455108642578,142.37571716308594
2022-11-29,94.87605285644531,235.54403686523438,139.36473083496094
2022-11-30,100.85053253173828,250.05908203125,146.1370086669922
2022-12-01,100.6815414428711,249.6180419921875,146.41342163085938
2022-12-02,100.23419189453125,249.94146728515625,145.91983032226562
2022-12-05,99.27986907958984,245.21743774414062,144.75489807128906
2022-12-06,96.7349853515625,240.23861694335938,141.0824737548828
2022-12-07,94.58776092529297,239.50355529785156,139.1376953125
2022-12-08,93.39484405517578,242.47320556640625,140.8257598876953
2022-12-09,92.52005004882812,240.5326385498047,140.34205627441406
2022-12-12,93.00714874267578,247.4814453125,142.64227294921875
2022-12-13,95.28361511230469,251.80364990234375,143.60975646972656
2022-12-14,94.7468032836914,252.09764099121094,141.37863159179688
2022-12-15,90.66109466552734,244.0511474609375,134.75442504882812
2022-12-16,90.32310485839844,239.8171844482422,132.78988647460938
2022-12-19,88.62321472167969,235.66160583496094,130.67723083496094
2022-12-20,89.10037231445312,236.9847412109375,130.608154296875
2022-12-21,89.71670532226562,239.56236267089844,133.7178955078125
2022-12-22,87.73846435546875,233.44662475585938,130.53904724121094
2022-12-23,89.27931213378906,233.97584533691406,130.1737823486328
2022-12-27,87.41041564941406,232.2411346435547,128.3671875
2022-12-28,85.94910430908203,229.8594970703125,124.42822265625
2022-12-29,88.42438507080078,236.21044921875,127.95256805419922
2022-12-30,88.20569610595703,235.04415893554688,128.26844787597656
2023-01-03,89.16996002197266,234.8089599609375,123.47062683105469
2023-01-04,88.1858139038086,224.53765869140625,124.74413299560547
2023-01-05,86.25727081298828,217.88287353515625,123.42124938964844
2023-01-06,87.63905334472656,220.45068359375,127.9624252319336
2023-01-09,88.2752685546875,222.59707641601562,128.4856414794922
2023-01-10,88.7126693725586,224.2926483154297,129.05824279785156
2023-01-11,91.71483612060547,231.0747833251953,131.78292846679688
2023-01-12,91.36691284179688,233.76025390625,131.70396423339844
2023-01-13,92.25164794921875,234.46592712402344,133.03668212890625
2023-01-17,91.61543273925781,235.5635986328125,134.20162963867188
2023-01-18,91.2376708984375,231.11404418945312,133.48095703125
2023-01-19,93.35508728027344,227.31129455566406,133.54019165039062
2023-01-20,98.69335174560547,235.43621826171875,136.10693359375
2023-01-23,100.61194610595703,237.74920654296875,139.3054962158203
2023-01-24,98.62376403808594,237.219970703125,140.7073516845703
2023-01-25,96.15841674804688,235.8184356689453,140.04591369628906
2023-01-26,98.57405853271484,243.06126403808594,142.11907958984375
2023-01-27,100.11490631103516,243.2180938720703,144.06387329101562
2023-01-30,97.37120819091797,237.8766326904297,141.17132568359375
2023-01-31,99.27986907958984,242.8750457763672,142.44480895996094
2023-02-01,100.83065032958984,247.7166748046875,143.5702362060547
2023-02-02,108.15709686279297,259.3306579589844,148.89132690429688
2023-02-03,104.59825897216797,253.20518493652344,152.52426147460938
2023-02-06,102.85858917236328,251.65663146972656,149.7896728515625
2023-02-07,107.4015884399414,262.2317810058594,152.67234802246094
2023-02-08,99.40909576416016,261.4183349609375,149.97726440429688
2023-02-09,94.89591979980469,258.37017822265625,148.940673828125
2023-02-10,94.29947662353516,257.8605651855469,149.30650329589844
2023-02-13,94.43864440917969,265.9168395996094,152.11448669433594
2023-02-14,94.3889389038086,266.7500305175781,151.47181701660156
2023-02-15,96.52622985839844,264.6178283691406,153.5778045654297
2023-02-16,95.21402740478516,257.572998046875,151.97604370117188
2023-02-17,94.03105926513672,253.55442810058594,150.82916259765625
2023-02-21,91.5060806274414,248.258544921875,146.8050537109375
2023-02-22,91.25755310058594,247.1187744140625,147.23019409179688
2023-02-23,90.5318603515625,250.32186889648438,147.7146759033203
2023-02-24,88.82202911376953,244.86875915527344,145.05502319335938
2023-02-27,89.56758880615234,245.7923583984375,146.2513885498047
2023-02-28,89.76641845703125,245.06527709960938,145.7471466064453
2023-03-01,89.97517395019531,241.9702911376953,143.6708221435547
2023-03-02,91.76453399658203,246.72576904296875,144.26405334472656
2023-03-03,93.46443176269531,250.83277893066406,149.32630920410156
2023-03-06,95.01522064208984,252.3852081298828,152.09469604492188
2023-03-07,93.61354064941406,249.71267700195312,149.889892578125
2023-03-08,94.09071350097656,249.27053833007812,151.14552307128906
2023-03-09,92.11247253417969,247.91465759277344,148.89125061035156
2023-03-10,90.47222137451172,244.24978637695312,146.8248291015625
2023-03-13,91.1183853149414,249.48670959472656,148.77261352539062
2023-03-14,93.69307708740234,256.2367248535156,150.86865234375
2023-03-15,95.97948455810547,260.8055419921875,151.26417541503906
2023-03-16,100.4727783203125,271.377685546875,154.0919189453125
2023-03-17,101.85456085205078,274.55126953125,153.2515106201172
2023-03-20,101.32769012451172,267.4770202636719,155.6244354248047
2023-03-21,105.21458435058594,268.99993896484375,157.4832305908203
2023-03-22,103.60417175292969,267.5360412597656,156.04959106445312
2023-03-23,105.63211822509766,272.812255859375,157.13717651367188
2023-03-24,105.43327331542969,275.67144775390625,158.44227600097656
2023-03-27,102.45101928710938,271.5545959472656,156.4945068359375
2023-03-28,100.76106262207031,270.4246520996094,155.87161254882812
2023-03-29,101.29786682128906,275.6124572753906,158.95643615722656
2023-03-30,100.72129821777344,279.09063720703125,160.5284881591797
2023-03-31,103.38545989990234,283.2664489746094,163.0398406982422
2023-04-03,104.29008483886719,282.2151794433594,164.29547119140625
2023-04-04,104.49884796142578,282.166015625,163.76158142089844
2023-04-05,104.32984161376953,279.3756103515625,161.9126739501953
2023-04-06,108.25650787353516,286.50885009765625,162.80255126953125
2023-04-10,106.31802368164062,284.3374328613281,160.2021942138672
2023-04-11,105.49293518066406,277.8919372558594,158.986083984375
2023-04-12,104.59825897216797,278.5404357910156,158.29397583007812
2023-04-13,107.55069732666016,284.7795715332031,163.6923828125
2023-04-14,108.81320190429688,281.1441650390625,163.34632873535156
2023-04-17,105.7911605834961,283.7577209472656,163.36610412597656
2023-04-18,104.49884796142578,283.335205078125,164.5921173095703
2023-04-19,104.39942932128906,283.4138488769531,165.73904418945312
2023-04-20,105.27423858642578,281.11468505859375,164.77008056640625
2023-04-21,105.2841796875,280.77081298828125,163.1584930419922
2023-04-24,106.1490249633789,276.8504638671875,163.46498107910156
2023-04-25,103.99185943603516,270.6113586425781,161.92254638671875
2023-04-26,103.83279418945312,290.2130126953125,161.9126739501953
2023-04-27,107.7296371459961,299.5078430175781,166.51022338867188
2023-04-28,107.58053588867188,301.89544677734375,167.76589965820312
2023-05-01,107.07353973388672,300.22509765625,167.6769256591797
2023-05-02,105.353759765625,300.0777587890625,166.63877868652344
2023-05-03,105.49293518066406,299.08538818359375,165.56103515625
2023-05-04,104.58831024169922,300.0777587890625,163.91978454589844
2023-05-05,105.58736419677734,305.2261962890625,171.61203002929688
2023-05-08,107.60040283203125,303.26116943359375,171.54281616210938
2023-05-09,107.30217742919922,301.6399841308594,169.8323211669922
2023-05-10,111.61653900146484,306.8572998046875,171.6021270751953
2023-05-11,116.20924377441406,304.6956481933594,171.79000854492188
2023-05-12,117.22320556640625,303.5755615234375,170.85928344726562
2023-05-15,116.26887512207031,304.0570373535156,170.3642578125
2023-05-16,119.38037872314453,306.2972106933594,170.3642578125
2023-05-17,120.76216888427734,309.19219970703125,170.9781036376953
2023-05-18,122.79011535644531,313.6429748535156,173.31472778320312
2023-05-19,122.52171325683594,313.4656982421875,173.42364501953125
2023-05-22,125.12623596191406,316.2621765136719,172.47312927246094
2023-05-23,122.56147766113281,310.43292236328125,169.85931396484375
2023-05-24,120.92122650146484,309.0444641113281,170.13653564453125
2023-05-25,123.61520385742188,320.9297180175781,171.275146484375
2023-05-26,124.68882751464844,327.79296875,173.69097900390625
2023-05-30,123.90349578857422,326.1386413574219,175.54241943359375
2023-05-31,122.64100646972656,323.3618469238281,175.49290466308594
2023-06-01,123.63509368896484,327.48773193359375,178.30474853515625
2023-06-02,124.49002075195312,330.26446533203125,179.15625
2023-06-05,125.8817367553711,330.7962341308594,177.79981994628906
2023-06-06,127.1541748046875,328.5708312988281,177.4334716796875
2023-06-07,122.21354675292969,318.4285583496094,176.05728149414062
2023-06-08,121.94514465332031,320.2798156738281,178.7799835205078
2023-06-09,122.14395141601562,321.786376953125,179.16615295410156
2023-06-12,123.61520385742188,326.76885986328125,181.96807861328125
2023-06-13,123.69474792480469,329.1715087890625,181.4928436279297
2023-06-14,123.64503479003906,332.1748352050781,182.12646484375
2023-06-15,125.04670715332031,342.7700500488281,184.1660614013672
2023-06-16,123.32691955566406,337.08837890625,183.08688354492188
2023-06-20,123.1181640625,332.8739318847656,183.17599487304688
2023-06-21,120.54347229003906,328.4527282714844,182.1363983154297
2023-06-22,123.13805389404297,334.5085144042969,185.14625549316406
2023-06-23,122.29307556152344,329.89031982421875,184.8294219970703
2023-06-26,118.38628387451172,323.5686340332031,183.43341064453125
2023-06-27,118.30677032470703,329.4472351074219,186.19577026367188
2023-06-28,120.36454010009766,330.7076110839844,187.3739776611328
2023-06-29,119.30085754394531,329.91986083984375,187.71060180664062
2023-06-30,120.25518035888672,335.3258056640625,192.0471649169922
2023-07-03,119.84761047363281,332.8148193359375,190.55210876464844
2023-07-05,121.90538024902344,332.9724426269531,189.43333435058594
2023-07-06,120.21542358398438,336.0446472167969,189.90858459472656
2023-07-07,119.43009185791016,332.0566101074219,188.7897491455078
2023-07-10,116.17941284179688,326.74920654296875,186.74029541015625
2023-07-11,117.01445007324219,327.3793640136719,186.21554565429688
2023-07-12,118.91316986083984,332.0369873046875,187.88880920410156
2023-07-13,124.09237670898438,337.413330078125,188.6511688232422
2023-07-14,124.95723724365234,339.95379638671875,188.79971313476562
2023-07-17,124.32101440429688,340.43634033203125,192.0669708251953
2023-07-18,123.3468017578125,353.98565673828125,191.80953979492188
2023-07-19,122.05448913574219,349.6431884765625,193.1659698486328
2023-07-20,118.82369995117188,341.5589294433594,191.2154998779297
2023-07-21,119.59909057617188,338.5063781738281,190.03729248046875
2023-07-24,121.1598129272461,339.82586669921875,190.83926391601562
2023-07-25,122.0644302368164,345.6059875488281,191.7006378173828
2023-07-26,128.8938446044922,332.59820556640625,192.57192993164062
2023-07-27,129.1025848388672,325.65618896484375,191.3046112060547
2023-07-28,132.22402954101562,333.18902587890625,193.8887176513672
2023-07-31,132.32347106933594,330.7765808105469,194.50259399414062
2023-08-01,131.11065673828125,331.19012451171875,193.6708984375
2023-08-02,127.87986755371094,322.4854736328125,190.67095947265625
2023-08-03,128.0091094970703,321.6583251953125,189.27491760253906
2023-08-04,127.78044128417969,322.7611999511719,180.18594360351562
2023-08-07,131.1603546142578,325.0555114746094,177.07705688476562
2023-08-08,131.0609588623047,321.05767822265625,178.01763916015625
2023-08-09,129.3809356689453,317.2961730957031,176.42359924316406
2023-08-10,129.4405975341797,317.9854431152344,176.20578002929688
2023-08-11,129.40081787109375,316.0948181152344,176.2652587890625
2023-08-14,131.051025390625,319.0784912109375,177.9209442138672
2023-08-15,129.50022888183594,316.9318542480469,175.92820739746094
2023-08-16,128.34707641601562,316.1621398925781,175.05572509765625
2023-08-17,129.68910217285156,312.688720703125,172.5077667236328
2023-08-18,127.3530044555664,312.29400634765625,172.9935760498047
2023-08-21,128.16815185546875,317.62261962890625,174.3319854736328
2023-08-22,128.92367553710938,318.1949157714844,175.71006774902344
2023-08-23,132.4228515625,322.67486572265625,179.5667266845703
2023-08-24,129.64935302734375,315.7378234863281,174.8673858642578
2023-08-25,129.91775512695312,318.7080383300781,177.07823181152344
2023-08-28,131.01123046875,319.41851806640625,178.6446990966797
2023-08-29,134.6894073486328,324.0661926269531,182.5409698486328
2023-08-30,136.120849609375,324.4411926269531,186.04071044921875
2023-08-31,136.53839111328125,323.4248352050781,186.25880432128906
2023-09-01,135.9916534423828,324.31292724609375,187.83518981933594
2023-09-05,135.90219116210938,329.1382141113281,188.07313537597656
2023-09-06,134.57008361816406,328.47711181640625,181.34136962890625
2023-09-07,135.3951873779297,325.54638671875,176.03724670410156
2023-09-08,136.38926696777344,329.8487243652344,176.65191650390625
2023-09-11,136.92611694335938,333.47015380859375,177.82180786132812
2023-09-12,135.26596069335938,327.3817443847656,174.7880401611328
2023-09-13,136.68751525878906,331.6150207519531,172.71595764160156
2023-09-14,138.168701171875,334.22015380859375,174.2328338623047
2023-09-15,137.48277282714844,325.8522644042969,173.5091094970703
2023-09-18,138.13888549804688,324.70758056640625,176.4437255859375
2023-09-19,138.00965881347656,324.30303955078125,177.5343017578125
2023-09-20,133.79470825195312,316.5272521972656,173.9849853515625
2023-09-21,130.5837860107422,315.30364990234375,172.4383544921875
2023-09-22,130.47442626953125,312.8170166015625,173.29098510742188
2023-09-25,131.3889923095703,313.3399963378906,174.56993103027344
2023-09-26,128.68505859375,308.01141357421875,170.48529052734375
2023-09-27,130.68321228027344,308.65283203125,168.9683837890625
2023-09-28,132.34332275390625,309.4915771484375,169.2261505126953
2023-09-29,131.07090759277344,311.57366943359375,169.74168395996094
2023-10-02,134.37127685546875,317.54364013671875,172.2599334716797
2023-10-03,132.5123291015625,309.244873046875,170.92147827148438
2023-10-04,135.4647674560547,314.7411804199219,172.1707000732422
2023-10-05,135.18643188476562,315.1358642578125,173.40997314453125
2023-10-06,137.91021728515625,322.93145751953125,175.9678497314453
2023-10-09,138.67567443847656,325.4576110839844,177.45498657226562
2023-10-10,138.37747192382812,324.0464782714844,176.86013793945312
2023-10-11,140.86268615722656,328.023193359375,178.25802612304688
2023-10-12,139.4610137939453,326.77984619140625,179.1602325439453
2023-10-13,137.76112365722656,323.3952331542969,177.31617736816406
2023-10-16,139.6598358154297,328.24029541015625,177.18727111816406
2023-10-17,140.15689086914062,327.6679382324219,175.63075256347656
2023-10-18,138.4569854736328,325.7437438964844,174.3319854736328
2023-10-19,138.1587677001953,326.937744140625,173.9552459716797
2023-10-20,135.93199157714844,322.3492126464844,171.3973846435547
2023-10-23,137.08514404296875,324.96417236328125,171.51634216308594
2023-10-24,139.29202270507812,326.1581726074219,171.9525909423828
2023-10-25,125.92150115966797,336.1640625,169.6326446533203
2023-10-26,122.71058654785156,323.5531005859375,165.458740234375
2023-10-27,122.67082214355469,325.4476623535156,166.77734375
2023-10-30,125.0069351196289,332.8484802246094,168.82957458496094
2023-10-31,124.55960083007812,333.63787841796875,169.30548095703125
2023-11-01,126.81617736816406,341.49261474609375,172.47804260253906
2023-11-02,127.82020568847656,343.71282958984375,176.04718017578125
2023-11-03,129.59963989257812,348.133544921875,175.13502502441406
2023-11-06,130.67324829101562,351.8143005371094,177.69293212890625
2023-11-07,131.61764526367188,355.7613525390625,180.26071166992188
2023-11-08,132.47256469726562,358.39605712890625,181.32154846191406
2023-11-09,130.911865234375,355.9193115234375,180.8456573486328
2023-11-10,133.26783752441406,364.78045654296875,185.04489135742188
2023-11-13,132.85031127929688,361.8299865722656,183.45654296875
2023-11-14,134.6297149658203,365.3725280761719,186.07733154296875
2023-11-15,135.57412719726562,365.5208435058594,186.6431884765625
2023-11-16,137.8804168701172,371.9479064941406,188.33084106445312
2023-11-17,136.13082885742188,365.6988525390625,188.3109893798828
2023-11-20,137.1050262451172,373.2036437988281,190.05816650390625
2023-11-21,137.80088806152344,368.8826904296875,189.2540740966797
2023-11-22,139.192626953125,373.6090393066406,189.91920471191406
2023-11-24,137.4032440185547,373.19378662109375,188.58892822265625
2023-11-27,137.23426818847656,374.3605041503906,188.4102325439453
2023-11-28,137.80088806152344,378.40460205078125,189.0157928466797
2023-11-29,135.59400939941406,374.5978088378906,187.99330139160156
2023-11-30,133.12864685058594,374.6571960449219,188.56910705566406
2023-12-01,132.53219604492188,370.3065490722656,189.84971618652344
2023-12-04,129.85812377929688,364.996826171875,188.0528564453125
2023-12-05,131.60769653320312,368.3388671875,192.01385498046875
2023-12-06,130.6533660888672,364.66064453125,190.92185974121094
2023-12-07,137.63189697265625,366.7865295410156,192.857666015625
2023-12-08,135.8325958251953,370.02972412109375,194.28721618652344
2023-12-11,133.904052734375,367.1325988769531,191.7755889892578
2023-12-12,132.85031127929688,370.1780090332031,193.29449462890625
2023-12-13,133.17837524414062,370.1680908203125,196.52085876464844
2023-12-14,132.4129180908203,361.82281494140625,196.66976928710938
2023-12-15,133.04913330078125,366.5690002441406,196.13369750976562
2023-12-18,136.3793487548828,368.4673767089844,194.46591186523438
2023-12-19,137.28396606445312,369.07061767578125,195.5082550048828
2023-12-20,138.8347625732422,366.4601745605469,193.4136199951172
2023-12-21,140.9621124267578,369.347412109375,193.2646942138672
2023-12-22,141.8766632080078,370.3757629394531,192.19253540039062
2023-12-26,141.97608947753906,370.4548645019531,191.6465606689453
2023-12-27,140.60423278808594,369.8714904785156,191.74583435058594
2023-12-28,140.44515991210938,371.06793212890625,192.17271423339844
2023-12-29,140.09722900390625,371.8193664550781,191.1303253173828
2024-01-02,138.73532104492188,366.7073669433594,184.29042053222656
2024-01-03,139.53060913085938,366.4404296875,182.9105224609375
2024-01-04,137.2243194580078,363.81024169921875,180.58753967285156
2024-01-05,136.57815551757812,363.6224365234375,179.86282348632812
2024-01-08,139.69960021972656,370.4845275878906,184.2109832763672
2024-01-09,141.71759033203125,371.5721740722656,183.7940673828125
2024-01-10,142.95030212402344,378.47381591796875,184.83642578125
2024-01-11,142.821044921875,380.3129577636719,184.24078369140625
2024-01-12,143.38768005371094,384.1098937988281,184.56838989257812
2024-01-16,143.2286376953125,385.8896789550781,182.29502868652344
2024-01-17,142.045654296875,385.0986633300781,181.3519287109375
2024-01-18,144.1332550048828,389.4492492675781,187.25869750976562
2024-01-19,147.09564208984375,394.1953430175781,190.16737365722656
2024-01-22,146.83718872070312,392.0596008300781,192.48045349121094
2024-01-23,147.8014373779297,394.42279052734375,193.7610626220703
2024-01-24,149.46160888671875,398.0417175292969,193.0860137939453
2024-01-25,152.73214721679688,400.3257751464844,192.75840759277344
2024-01-26,152.88124084472656,399.3963317871094,191.02110290527344
2024-01-29,153.925048828125,405.121337890625,190.3361358642578
2024-01-30,152.14564514160156,404.0039978027344,186.67294311523438
2024-01-31,140.9621124267578,393.11761474609375,183.05943298339844
2024-02-01,141.86672973632812,399.2480163574219,185.50155639648438
2024-02-02,142.69180297851562,406.6045227050781,184.4989013671875
2024-02-05,144.07359313964844,401.09698486328125,186.31558227539062
2024-02-06,144.55078125,400.9388427734375,187.92381286621094
2024-02-07,145.81324768066406,409.4027404785156,188.0330047607422
2024-02-08,146.35008239746094,409.4620666503906,186.95094299316406
2024-02-09,149.3323516845703,415.82977294921875,187.71632385253906
2024-02-12,147.85113525390625,410.5991516113281,186.02650451660156
2024-02-13,145.50509643554688,401.759521484375,183.92918395996094
2024-02-14,146.2705535888672,405.6426696777344,183.0445098876953
2024-02-15,143.08946228027344,402.7402038574219,182.7562713623047
2024-02-16,140.9223175048828,400.263671875,181.21556091308594
2024-02-20,141.3597412109375,399.0056457519531,180.47006225585938
2024-02-21,142.99005126953125,398.4013366699219,181.2255096435547
2024-02-22,144.46128845214844,407.7823791503906,183.26319885253906
2024-02-23,144.43150329589844,406.48468017578125,181.42431640625
2024-02-26,137.9301300048828,403.71099853515625,180.07247924804688
2024-02-27,139.27215576171875,403.651611328125,181.53366088867188
2024-02-28,136.61790466308594,403.8893127441406,180.33091735839844
2024-02-29,138.9540252685547,409.7536926269531,179.66494750976562
2024-03-01,137.2640838623047,411.59625244140625,178.58148193359375
2024-03-04,133.40701293945312,411.02166748046875,174.04885864257812
2024-03-05,132.98948669433594,398.866943359375,169.0987548828125
2024-03-06,131.7766876220703,398.31219482421875,168.104736328125
2024-03-07,134.4408416748047,405.29595947265625,167.9854736328125
2024-03-08,135.4846649169922,402.4034118652344,169.70509338378906
2024-03-11,138.11900329589844,400.7193603515625,171.7129669189453
2024-03-12,138.79498291015625,411.3782958984375,172.1900634765625
2024-03-13,139.9381866455078,411.20001220703125,170.10269165039062
2024-03-14,143.48707580566406,421.22491455078125,171.96145629882812
2024-03-15,141.3299102783203,412.5075988769531,171.583740234375
2024-03-18,147.60263061523438,413.39910888671875,172.67715454101562
2024-03-19,147.0459442138672,417.45068359375,175.02296447753906
2024-03-20,148.7955322265625,421.2347717285156,177.59742736816406
2024-03-21,147.86109924316406,425.33587646484375,170.34124755859375
2024-03-22,150.8732147216797,424.7118225097656,171.2457733154297
2024-03-25,150.25685119628906,418.8870849609375,169.82437133789062
2024-03-26,150.80360412597656,417.68841552734375,168.69122314453125
2024-03-27,151.04217529296875,417.4704895019531,172.26959228515625
2024-03-28,151.3602752685547,416.7671813964844,170.45057678222656
2024-04-01,155.57525634765625,420.58099365234375,169.00929260253906
2024-04-02,154.94894409179688,417.4804382324219,167.82643127441406
2024-04-03,155.4459991455078,416.49969482421875,168.63156127929688
2024-04-04,151.04217529296875,413.953857421875,167.8065643310547
2024-04-05,153.03036499023438,421.52203369140625,168.56198120117188
2024-04-08,155.2173614501953,420.600830078125,167.43878173828125
2024-04-09,157.20555114746094,422.2749328613281,168.6514434814453
2024-04-10,156.72836303710938,419.2833557128906,166.7727813720703
2024-04-11,159.83987426757812,423.909423828125,173.98919677734375
2024-04-12,158.2493438720703,417.9360656738281,175.4901580810547
2024-04-15,155.40625,409.7536926269531,171.6533203125
2024-04-16,155.0782012939453,410.6848449707031,168.3632049560547
2024-04-17,155.95298767089844,407.9706115722656,166.99147033691406
2024-04-18,156.52957153320312,400.4717102050781,166.0372314453125
2024-04-19,154.7998504638672,395.3701171875,164.0094757080078
2024-04-22,157.0166778564453,397.1928405761719,164.84442138671875
2024-04-23,158.97503662109375,403.7407531738281,165.8980712890625
2024-04-24,160.1480712890625,405.2167053222656,168.00535583496094
2024-04-25,157.0166778564453,395.2908935546875,168.87014770507812
2024-04-26,172.6636505126953,402.5024719238281,168.28366088867188
2024-04-29,166.90785217285156,398.4706726074219,172.4584503173828
2024-04-30,163.6671142578125,385.6720886230469,169.30747985839844
2024-05-01,164.59164428710938,391.2293701171875,168.28366088867188
2024-05-02,167.46458435058594,394.1021423339844,171.9912872314453
2024-05-03,167.99142456054688,402.8392639160156,182.2791290283203
2024-05-06,168.82647705078125,409.6546325683594,180.61917114257812
2024-05-07,171.95785522460938,405.49407958984375,181.30502319335938
2024-05-08,170.1486053466797,406.68280029296875,181.6429901123047
2024-05-09,170.5661163330078,408.44610595703125,183.46200561523438
2024-05-10,169.28375244140625,410.8433532714844,182.1979217529297
2024-05-13,169.89015197753906,409.8328857421875,185.4128875732422
2024-05-14,170.9140625,412.6462707519531,186.55752563476562
2024-05-15,172.8525390625,419.8609313964844,188.83685302734375
2024-05-16,174.39337158203125,417.7868347167969,188.95631408691406
2024-05-17,176.24237060546875,417.0127868652344,188.98619079589844
2024-05-20,177.40548706054688,422.103759765625,190.1507110595703
2024-05-21,178.4790802001953,425.7756042480469,191.4546356201172
2024-05-22,176.9481964111328,427.24432373046875,190.01138305664062
2024-05-23,174.0255584716797,423.7511291503906,186.01010131835938
2024-05-24,175.28805541992188,426.8870849609375,189.0956573486328
2024-05-28,176.9680633544922,427.0458679199219,189.10562133789062
2024-05-29,176.3517303466797,425.90460205078125,189.40420532226562
2024-05-30,172.534423828125,411.51495361328125,190.39956665039062
2024-05-31,172.9320831298828,411.9714660644531,191.3551025390625
2024-06-03,173.3893585205078,410.3736572265625,193.12680053710938
2024-06-04,174.0951690673828,412.9042663574219,193.44532775878906
2024-06-05,176.02369689941406,420.7839050292969,194.95823669433594
2024-06-06,177.29612731933594,421.28997802734375,193.57470703125
2024-06-07,174.91029357910156,420.6250915527344,195.97349548339844
2024-06-10,175.78610229492188,424.6144714355469,192.2210235595703
2024-06-11,177.33865356445312,429.3879089355469,206.1857147216797
2024-06-12,178.7021026611328,437.70416259765625,212.0782012939453
2024-06-13,175.89556884765625,438.2201843261719,213.2427520751953
2024-06-14,177.5177764892578,439.2026672363281,211.50086975097656
2024-06-17,177.9258270263672,444.9585266113281,215.6614227294922
2024-06-18,175.60694885253906,442.9440002441406,213.29248046875
2024-06-20,176.86094665527344,442.308837890625,208.70394897460938
2024-06-21,179.3987579345703,446.3578186035156,206.524169921875
2024-06-24,179.92620849609375,444.2638854980469,207.17111206054688
2024-06-25,184.69332885742188,447.5188903808594,208.0968017578125
2024-06-26,184.48434448242188,448.71966552734375,212.25733947753906
2024-06-27,185.9672088623047,449.4044189453125,213.10340881347656
2024-06-28,182.5436553955078,443.5493469238281,209.6395721435547
2024-07-01,183.60855102539062,453.2549133300781,215.7410430908203
2024-07-02,185.7184295654297,455.7855224609375,219.24465942382812
2024-07-03,186.49468994140625,457.26416015625,220.51870727539062
2024-07-05,191.04286193847656,464.0024719238281,225.28639221191406
2024-07-08,189.56991577148438,462.6925354003906,226.759521484375
2024-07-09,189.5301055908203,456.04351806640625,227.61549377441406
2024-07-10,191.73951721191406,462.7024841308594,231.89549255371094
2024-07-11,186.40512084960938,451.2403869628906,226.51068115234375
2024-07-12,185.88758850097656,450.0990905761719,229.46685791015625
2024-07-15,187.29086303710938,450.5059814453125,233.3088836669922
2024-07-16,184.61370849609375,446.09979248046875,233.72694396972656
2024-07-17,181.7474822998047,440.1454162597656,227.81459045410156
2024-07-18,178.3637237548828,437.0193786621094,223.13644409179688
2024-07-19,178.5329132080078,433.7842102050781,223.26585388183594
2024-07-22,182.4739990234375,439.5698547363281,222.91749572753906
2024-07-23,182.72280883789062,441.4653015136719,223.96258544921875
2024-07-24,173.53689575195312,425.63665771484375,217.52268981933594
2024-07-25,168.351806640625,415.216552734375,216.47760009765625
2024-07-26,167.8740692138672,422.0342712402344,216.94541931152344
2024-07-29,170.31239318847656,423.4831848144531,217.22412109375
2024-07-30,171.03887939453125,419.7021789550781,217.78150939941406
2024-07-31,172.32272338867188,415.16693115234375,221.04623413085938
2024-08-01,171.62606811523438,413.93634033203125,217.3435516357422
2024-08-02,167.59539794921875,405.3819580078125,218.83656311035156
2024-08-05,159.8724822998047,392.1434326171875,208.29586791992188
2024-08-06,159.77297973632812,396.56951904296875,206.26536560058594
2024-08-07,159.98196411132812,395.39849853515625,208.8433074951172
2024-08-08,163.0572052001953,399.6260986328125,212.31704711914062
2024-08-09,164.59979248046875,402.9307556152344,215.23342895507812
2024-08-12,163.16668701171875,403.7146911621094,216.7680206298828
2024-08-13,165.13722229003906,410.8599548339844,220.4949493408203
2024-08-14,161.25587463378906,413.6882629394531,220.94334411621094
2024-08-15,162.39041137695312,418.5796203613281,223.93284606933594
2024-08-16,163.95291137695312,416.0345458984375,225.25819396972656
2024-08-19,167.59539794921875,419.07672119140625,225.0987548828125
2024-08-20,168.15274047851562,422.3276672363281,225.71656799316406
2024-08-21,166.82908630371094,421.67156982421875,225.60696411132812
2024-08-22,164.69932556152344,413.13153076171875,223.74349975585938
2024-08-23,166.6300506591797,414.36431884765625,226.04542541503906
2024-08-26,167.12765502929688,411.08349609375,226.38421630859375
2024-08-27,165.5850830078125,411.43145751953125,227.2312469482422
2024-08-28,163.71405029296875,408.2103576660156,225.6966552734375
2024-08-29,162.6193084716797,410.71563720703125,228.98509216308594
2024-08-30,164.32113647460938,414.7122802734375,228.19784545898438
2024-09-03,157.85220336914062,407.0570983886719,221.98968505859375
2024-09-04,157.05601501464844,406.5202331542969,220.076416015625
2024-09-05,157.8422393798828,406.01318359375,221.60105895996094
2024-09-06,151.4031524658203,399.36212158203125,220.0465087890625
2024-09-09,149.02142333984375,403.3587646484375,220.13621520996094
2024-09-10,149.4897918701172,411.7894287109375,219.3389892578125
2024-09-11,151.6223907470703,420.57794189453125,221.88006591796875
2024-09-12,155.00062561035156,424.514892578125,221.98968505859375
2024-09-13,157.82080078125,428.083984375,221.72061157226562
2024-09-16,158.4386749267578,428.8296203613281,215.56227111816406
2024-09-17,159.7241973876953,432.6174621582031,216.03062438964844
2024-09-18,160.25234985351562,428.3027038574219,219.9169464111328
2024-09-19,162.67391967773438,436.1368408203125,228.0683135986328
2024-09-20,164.06906127929688,432.73675537109375,227.40066528320312
2024-09-23,162.50453186035156,430.9870300292969,225.6767120361328
2024-09-24,163.0725555419922,426.6722717285156,226.5735626220703
2024-09-25,162.4248046875,429.5951232910156,225.57705688476562
2024-09-26,163.2618865966797,428.7998046875,226.72305297851562
2024-09-27,164.71681213378906,425.5289611816406,226.99208068847656
2024-09-30,166.61024475097656,427.7956848144531,232.183837890625
2024-10-01,167.83596801757812,418.24163818359375,225.41763305664062
2024-10-02,166.7298126220703,414.7023620605469,225.98562622070312
2024-10-03,166.6301727294922,414.11578369140625,224.8795166015625
2024-10-04,167.97547912597656,413.6385498046875,226.0055694580078
2024-10-07,163.8199462890625,407.156494140625,220.91348266601562
2024-10-08,165.12539672851562,412.2964172363281,224.9791717529297
2024-10-09,162.4945526123047,415.0304260253906,228.73597717285156
2024-10-10,162.6141357421875,413.4198303222656,228.23770141601562
2024-10-11,163.94949340820312,413.89703369140625,226.75294494628906
2024-10-14,165.77316284179688,416.7006530761719,230.48980712890625
2024-10-15,166.32122802734375,416.3029479980469,233.03086853027344
2024-10-16,166.16180419921875,413.69818115234375,230.96812438964844
2024-10-17,163.93951416015625,414.2947082519531,231.33682250976562
2024-10-18,164.4776611328125,415.7263488769531,234.17684936523438
2024-10-21,165.22506713867188,416.3427429199219,235.6516571044922
2024-10-22,166.2415313720703,425.02191162109375,235.03382873535156
2024-10-23,163.9096221923828,422.1288757324219,229.95169067382812
2024-10-24,163.95945739746094,422.25811767578125,229.76235961914062
2024-10-25,166.41091918945312,425.658203125,230.5994110107422
2024-10-28,167.75624084472656,424.1072998046875,232.5824432373047
2024-10-29,170.54653930664062,429.43609619140625,232.85150146484375
2024-10-30,175.52919006347656,430.0127258300781,229.29400634765625
2024-10-31,172.09117126464844,403.9850769042969,225.11868286132812
2024-11-01,172.05130004882812,407.981689453125,222.1291961669922
2024-11-04,170.08811950683594,406.0827941894531,221.23233032226562
2024-11-05,170.81561279296875,409.0653381347656,222.66729736328125
2024-11-06,177.7115936279297,417.7345886230469,221.93984985351562
2024-11-07,181.6479034423828,422.9540100097656,226.6831817626953
2024-11-08,179.23629760742188,420.08087158203125,226.41383361816406
2024-11-11,181.33897399902344,415.5772399902344,223.69039916992188
2024-11-12,182.68429565429688,420.5679931640625,223.69039916992188
2024-11-13,179.86412048339844,422.7253723144531,224.57826232910156
2024-11-14,176.73500061035156,424.4055480957031,227.67080688476562
2024-11-15,173.2869873046875,412.5847473144531,224.4585418701172
2024-11-18,176.18690490722656,413.34033203125,227.47128295898438
2024-11-19,178.957275390625,415.3584899902344,227.73065185546875
2024-11-20,176.71507263183594,413.0718688964844,228.44891357421875
2024-11-21,168.65313720703125,411.2887268066406,227.97007751464844
2024-11-22,165.99237060546875,415.40289306640625,229.3168182373047
2024-11-25,168.8424530029297,417.1860656738281,232.30960083007812
2024-11-26,170.02833557128906,426.350830078125,234.49432373046875
2024-11-27,170.2276611328125,421.3699645996094,234.36465454101562
2024-11-29,169.89878845214844,421.83819580078125,236.75888061523438
2024-12-02,172.38015747070312,429.3293762207031,239.013427734375
2024-12-03,172.42002868652344,429.5485534667969,242.06607055664062
2024-12-04,175.47935485839844,435.7447204589844,242.42520141601562
2024-12-05,173.70553588867188,440.9248046875,242.4551239013672
2024-12-06,175.87799072265625,441.87115478515625,242.25559997558594
2024-12-09,176.68609619140625,444.311767578125,246.1562042236328
2024-12-10,186.09405517578125,441.6320495605469,247.1737518310547
2024-12-11,196.25025939941406,447.2704162597656,245.89682006835938
2024-12-12,193.17745971679688,447.83819580078125,247.36329650878906
2024-12-13,190.93270874023438,445.5569763183594,247.5328826904297
2024-12-16,197.69686889648438,449.86041259765625,250.4358673095703
2024-12-17,196.6593017578125,452.7194519042969,252.8699951171875
2024-12-18,189.70558166503906,435.71484375,247.4530792236328
2024-12-19,189.2566375732422,435.356201171875,249.1888885498047
2024-12-20,192.509033203125,434.9278869628906,253.87759399414062
2024-12-23,195.53195190429688,433.5830383300781,254.6557159423828
2024-12-24,197.10824584960938,437.64739990234375,257.57867431640625
2024-12-26,196.63934326171875,436.43206787109375,258.39666748046875
2024-12-27,193.58648681640625,428.881103515625,254.9749298095703
2024-12-30,192.23965454101562,423.2029113769531,251.5930938720703
2024-12-31,189.99490356445312,419.88568115234375,249.8173828125
